<?xml version="1.0" encoding="UTF-8" ?>
<!DOCTYPE mapper PUBLIC "-//mybatis.org//DTD Mapper 3.0//EN" 
	"http://mybatis.org/dtd/mybatis-3-mapper.dtd">

<mapper namespace="com.ssafy.kiwi.board.mapper.ReplyMapper">

	<resultMap type="replyDto" id="reply">
		<result column="reply_no" property="replyno" />
		<result column="board_no" property="boardno" />
		<result column="content" property="content" />
		<result column="create_date" property="createdate" />
		<result column="user_no" property="userno" />
		<result column="nickname" property="nickname" />
	</resultMap>

	<select id="getReply" parameterType="Integer" resultMap="reply">
		select
		r.reply_no, r.content, r.board_no, r.create_date, r.user_no,
		u.nickname from reply r
		join
		user u on r.user_no = u.user_no where
		r.board_no = #{boardno} order by
		r.create_date;
	</select>

	<insert id="writeReply" parameterType="ReplyDto">
		insert into reply
		(content, board_no, user_no)
		values (#{content}, #{boardno}, #{userno})
	</insert>

	<delete id="deleteReply" parameterType="Integer">
		delete from reply where
		reply_no=#{replyno}
	</delete>

	<update id="updateReply" parameterType="ReplyDto">
		update reply
		set content =
		#{content}
		where reply_no = #{replyno}
	</update>
</mapper>