<?xml version="1.0" encoding="UTF-8" ?>
<!DOCTYPE mapper PUBLIC "-//mybatis.org//DTD Mapper 3.0//EN" 
	"http://mybatis.org/dtd/mybatis-3-mapper.dtd">

<mapper namespace="com.ssafy.kiwi.tour.mapper.TourMapper">

	<resultMap type="tourSidoDto" id="tourSido">
		<result column="sido_code" property="code" />
		<result column="sido_name" property="name" />
	</resultMap>
	
	<resultMap type="tourGuGunDto" id="tourGuGun">
		<result column="gugun_code" property="code" />
		<result column="gugun_name" property="name" />
	</resultMap>
	
	<resultMap type="tourAttractionDto" id="tourAttraction">
		<result column="title" property="title" />
		<result column="addr1" property="addr1" />
		<result column="first_image" property="firstImage" />
		<result column="first_image2" property="firstImage2" />
		<result column="latitude" property="latitude" />
		<result column="longitude" property="longitude" />
		<result column="overview" property="overview" />
		<result column="content_type_id" property="contentTypeId" />
	</resultMap>
	
	<select id="getSidoList" parameterType="map" resultMap="tourSido">
		select * from sido
	</select>
	
	<select id="getGugunList" parameterType="map" resultMap="tourGuGun">
		select * from gugun where sido_code = #{areaCode}
	</select>
	
	<select id="getTourList" parameterType="map" resultMap="tourAttraction">
		select * from attraction_info i left join attraction_description d on i.content_id = d.content_id where sido_code = #{areaCode}
		
		<if test="gugunCode != '0'.toString()">
			and gugun_code = #{gugunCode}
		</if>
		
		<if test="contentTypeId!= '0'.toString()">
			and content_type_id = #{contentTypeId}
		</if>
	</select>


</mapper>